{
    "name": "pedestal",
    "location": [[2, -0.9, 0], [0, 90, 0], [0.5, 0.6, 0.5]],
    "ambient_color":[0.0, 0.0, 0.0],
    "diffuse_color":[0.3, 0.3, 0.3],
    "shininess": 5.0,
    "vertices": [0.446942, 0.446942, 0.0, 0.446942, -0.446942, -0.0, 0.223471, -0.446942, -0.2165, 0.223471, 0.446942, -0.2165, 0.223471, 0.446942, -0.2165, 0.223471, -0.446942, -0.2165, -0.223471, -0.446942, -0.2165, -0.223471, 0.446942, -0.2165, -0.223471, 0.446942, -0.2165, -0.223471, -0.446942, -0.2165, -0.446942, -0.446942, -0.0, -0.446942, 0.446942, 0.0, -0.446942, 0.446942, 0.0, -0.446942, -0.446942, -0.0, -0.223471, -0.446942, 0.2165, -0.223471, 0.446942, 0.2165, -0.223471, 0.446942, 0.2165, -0.223471, -0.446942, 0.2165, 0.223471, -0.446942, 0.2165, 0.223471, 0.446942, 0.2165, 0.223471, 0.446942, 0.2165, 0.223471, -0.446942, 0.2165, 0.446942, -0.446942, -0.0, 0.446942, 0.446942, 0.0, 0.446942, 0.446942, 0.0, 0.223471, 0.446942, -0.2165, 0.0, 0.446942, 0.0, 0.223471, 0.446942, -0.2165, -0.223471, 0.446942, -0.2165, 0.0, 0.446942, 0.0, -0.223471, 0.446942, -0.2165, -0.446942, 0.446942, 0.0, 0.0, 0.446942, 0.0, -0.446942, 0.446942, 0.0, -0.223471, 0.446942, 0.2165, 0.0, 0.446942, 0.0, -0.223471, 0.446942, 0.2165, 0.223471, 0.446942, 0.2165, 0.0, 0.446942, 0.0, 0.223471, 0.446942, 0.2165, 0.446942, 0.446942, 0.0, 0.0, 0.446942, 0.0, 0.223471, -0.446942, -0.2165, 0.446942, -0.446942, -0.0, 0.0, -0.446942, -0.0, -0.223471, -0.446942, -0.2165, 0.223471, -0.446942, -0.2165, 0.0, -0.446942, -0.0, -0.446942, -0.446942, -0.0, -0.223471, -0.446942, -0.2165, 0.0, -0.446942, -0.0, -0.223471, -0.446942, 0.2165, -0.446942, -0.446942, -0.0, 0.0, -0.446942, -0.0, 0.223471, -0.446942, 0.2165, -0.223471, -0.446942, 0.2165, 0.0, -0.446942, -0.0, 0.446942, -0.446942, -0.0, 0.223471, -0.446942, 0.2165, 0.0, -0.446942, -0.0], 
    "indices": [1, 3, 0, 5, 7, 4, 9, 11, 8, 13, 15, 12, 17, 19, 16, 21, 23, 20, 24, 25, 26, 27, 28, 29, 30, 31, 32, 33, 34, 35, 36, 37, 38, 39, 40, 41, 42, 43, 44, 45, 46, 47, 48, 49, 50, 51, 52, 53, 54, 55, 56, 57, 58, 59, 1, 2, 3, 5, 6, 7, 9, 10, 11, 13, 14, 15, 17, 18, 19, 21, 22, 23]
}